DATE,DESCRIPTION,AMOUNT,LABEL
2024-11-29,Amazon,6.36,Retail
2024-11-28,THAI SPICE RESTAURAN,51.47,Dining
2024-11-28,Amazon,10.44,Retail
2024-11-28,Lyft,12.63,Transportation
2024-11-27,Target,9.17,Retail
2024-11-27,TRADER JOE,27.5,Grocery
2024-11-26,Taco Bell,16.57,Dining
2024-11-26,Amazon,51.64,Retail
2024-11-25,Target,17.77,Retail
2024-11-25,Uber,20.95,Transportation
2024-11-24,Whole Foods Market,15.4,Grocery
2024-11-24,Lyft,29.83,Transportation
2024-11-23,Sephora,29.45,Retail
2024-11-23,Lyft,22.48,Transportation
2024-11-23,MAD DOG IN THE FOG,56.1,Dining
2024-11-23,Lyft,11.63,Transportation
2024-11-23,THE BAKED BEAR OF SAN FRA,20.88,Dining
2024-11-22,Nike,102.82,Retail
2024-11-22,Lyft,16.76,Transportation
2024-11-22,PAYMENT FROM - *****05*12,-994.92,
2024-11-21,WASH Laundry,48.93,Other
2024-11-21,Victoria's Secret,144.26,Retail
2024-11-20,Starbucks,21.03,Dining
2024-11-20,Chipotle,17.66,Dining
2024-11-18,Whole Foods Market,25.22,Grocery
2024-11-17,Uber,13.66,Transportation
2024-11-17,Uber,30.49,Travel
2024-11-15,Chipotle,9.11,Transportation
2024-11-15,CVS Pharmacy,7.65,Pharmaceutical
2024-11-15,Philz Dining,7.2,Dining
2024-11-14,Starbucks,21.06,Dining
2024-11-14,Amazon,35.78,Retail
2024-11-13,Shein,53.51,Retail
2024-11-12,Safeway,111.88,Grocery
2024-11-12,Taco Bell,5.76,Dining
2024-11-12,Temu,96.42,Retail
2024-11-10,Lyft,9.47,Transportation
2024-11-08,Safeway,6.96,Grocery
2024-11-08,Philz Dining,9.51,Dining
2024-11-07,Lyft,11.6,Transportation
2024-11-06,PROPAGATION,55.6,Dining
2024-11-04,Chipotle,9.34,Dining
2024-11-04,GHIRARDELLI CHOCOLATE COM,8.66,Dining
2024-11-02,WHOLE FOODS SOM,27.14,Grocery
2024-11-01,Subway,9.75,Dining
2024-11-01,Philz Dining,9.54,Dining
2024-10-31,Sephora,35,Retail
2024-10-31,Chipotle,17.57,Dining
2024-10-31,Freedom mobile,-11.14,Mobility
2024-10-29,Amazon,20.34,Retail
2024-10-29,Amazon,14.9,Retail
2024-10-28,TRADER JOE,63.06,Grocery
2024-10-28,Amazon,30.87,Retail
2024-10-27,Lyft,35.68,Transportation
2024-10-26,Taco Bell,14.74,Dining
2024-10-26,Safeway,7.31,Grocery
2024-10-25,Philz Dining,9.48,Dining
2024-10-25,Subway,8.3,Dining
2024-10-23,TRADER JOE,9.18,Grocery
2024-10-22,Rogers,52.49,Mobility
2024-10-22,Safeway,4.14,Grocery
2024-10-22,WHOLE FOODS SOM,16.79,Grocery
2024-10-22,Ê Ê Ê Ê Ê FROM - *****05*1283,-2197.08,
2024-10-21,Zara,67.63,Retail
2024-10-21,OPENAI,15.76,Subscription
2024-10-21,Target,7.51,Retail
2024-10-20,Uber Eats,44,Dining
2024-10-20,Lyft,40,Transportation
2024-10-19,Amazon,-7.49,Retail
2024-10-17,FENG CHA TEAHOUSE SA,8.77,Dining
2024-10-17,American Airlines,272.5,Travel
2024-10-17,Shein,85.31,Retail
2024-10-16,SCENEPLUSTRAVEL,382.07,Other
2024-10-16,TRADER JOE,42.57,Grocery
2024-10-16,CHAAT CORNER INDIAN GROC,7.79,Dining
2024-10-16,Apple Bill,4.51,Subscription
2024-10-15,Amazon,12.43,Retail
2024-10-15,Safeway,11.05,Grocery
2024-10-15,Amazon,9.68,Retail
2024-10-15,Taco Bell,5.7,Dining
2024-10-15,TODAYS BUSINESS SOLUT,1.11,Other
2024-10-15,TODAYS BUSINESS SOLUT,1.11,Other
2024-10-15,Lyft,51.01,Transportation
2024-10-14,CLIPPER SYSTEMS MOBILE,27.68,Transportation
2024-10-14,BARREL HOUSE TAVERN,41.71,Dining
2024-10-14,Amazon,19.92,Retail
2024-10-14,Uber,10.81,Transportation
2024-10-14,Philz Dining,9.43,Dining
2024-10-13,Safeway,102.33,Grocery
2024-10-13,Philz Dining,9.43,Dining
2024-10-13,Taco Bell,5.68,Dining
2024-10-12,PARKING ENFORCEMENT PARKI,46.5,Other
2024-10-12,SOMA WINE & SPIRITS,29.94,Dining
2024-10-12,Tesla,6.94,Transportation
2024-10-11,Starbucks,20.68,Dining
2024-10-11,Chipotle,17.37,Dining
2024-10-10,Philz Dining,8.16,Dining
2024-10-09,Taco Bell,9.96,Dining
2024-10-09,Amazon,7.42,Retail
2024-10-09,WHOLE FOODS SOM,10.78,Grocery
2024-10-08,Freedom mobile,50.85,Mobility
2024-10-08,UNIV OF SAN FRANCISCO,6.84,Other
2024-10-08,Amazon,-8.87,Retail
2024-10-07,Target,25.66,Retail
2024-10-07,SNACK,10.71,Dining
2024-10-07,Subway,9.5,Dining
2024-10-06,Amazon,19.03,Retail
2024-10-05,Amazon,11.95,Retail
2024-10-04,TESTING EXAM,135.56,Other
2024-10-04,Amazon,35.23,Retail
2024-10-04,Whole Foods Market,32.99,Grocery
2024-10-04,Amazon,6.69,Retail
2024-10-03,EQUATOR DiningS SO,8.77,Dining
2024-10-03,Subway,8.22,Dining
2024-10-02,CHAAT CORNER INDIAN GROC,15.33,Dining
2024-10-01,Vivid Seats,109.86,Entertainment
2024-07-22,TESLA,8.28,Transportation
2024-07-23,ENERCARE HOME SERVICES,59.64,Other
2024-07-24,AMZN Mktp CA*RJ4RJ33U0,11.15,Retail
2024-07-25,AMZN Mktp CA*RJ8RY93A0,10.16,Retail
2024-07-26,AMZN Mktp CA*RJ8X37370,10.16,Retail
2024-07-27,AMZN Mktp CA*RS2N35I81,3.13,Retail
2024-07-28,AMZN Mktp CA*RJ31D1JW0,33.89,Retail
2024-07-29,TESLA SUPERCHARGER US,25.71,Transportation
2024-07-30,SQ *SRI VENKATESWARA TEMP,15.51,Other
2024-07-31,SQ *SRI VENKATESWARA TEMP,25.37,Other
2024-08-01,KOODO MOBILE PAC,57.81,Mobility
2024-08-02,BIGGBY Dining #734,7,Dining
2024-08-03,BLUE WATER BRIDGE CANADA,6,Transportation
2024-08-04,DETROIT WINDSOR TUNNEL,10.57,Transportation
2024-08-05,AIRALO,4.8,Mobility
2024-08-06,Amazon.ca*RS6IE6U22,201.24,Retail
2024-08-07,ENERCARE HOME SERVICES,46.67,Other
2024-08-08,SICKKIDS FDN,40,Other
2024-08-09,MCDONALD'S #29187,13.92,Dining
2024-08-10,ASIAN FOOD CENTRE,7.96,Grocery
2024-08-11,BANGLA SWEETS,15.96,Dining
2024-08-12,FRESHCO #3860,159.81,Grocery
2024-08-13,TIM HORTONS #4852,2,Dining
2024-08-14,ASIAN FOOD CENTRE,25.64,Grocery
2024-08-15,SHIN WA,58,Dining
2024-08-16,WAL-MART SUPERCENTER#1079,15.95,Retail
2024-08-17,FRESHCO #3860,11.24,Grocery
2024-08-18,ROGERS ******1619,67.79,Mobility
2024-08-19,SONNET INSURANCE COMPANY,135.98,Other
2024-08-20,DOMINO'S PIZZA #10488,15.81,Dining
2024-08-21,ESCAPE 2 OASIS,4,Other
2024-08-22,Lazeez,20.91,Dining
2024-08-23,HECTOR & ALICJA'S NF B,5.49,Grocery
2024-08-24,Shelbyscanada_20,24.84,Gas
2024-08-25,HIGHER GROUND CAFE,15.65,Dining
2024-08-26,NBX*FRANCIS HOME ENVIR,16.95,Other
2024-08-27,DAIRY QUEEN #12278,9.02,Dining
2024-08-28,FRESHCO #3860,168.5,Grocery
2024-08-29,APOLLO INSURANCE,32.11,Other
2024-08-30,ULTRAMAR #43241,50,Other
2024-08-31,TD Points Reversal,215.18,
2024-09-01,TD Points Redemption,,
2024-09-02,MCDONALD'S #40397,14.67,Dining
2024-09-03,PEARSON PARKING T3,15,Travel
2024-09-04,FRESHCO #9612,3.49,Grocery
2024-09-05,FRESHCO #9612,58.15,Grocery
2024-09-06,PETRO CANADA10503,50,Gas
2024-09-07,ASIAN FOOD CENTRE,7.25,Grocery
2024-09-08,HAKKA VILLAGE CHINESE RES,33.03,Dining
2024-09-09,HAKKA VILLAGE CHINESE RES,11.29,Dining
2024-09-10,FRESHCO #9612,17.23,Grocery
2024-09-11,CLEO  ECOMMERCE 980,,Retail
2024-09-12,PAYMENT - THANK YOU,,
2024-09-13,WAL-MART SUPERCENTER#3034,31.57,Retail
2024-09-14,ESCAPE 2 OASIS,4,Other
2024-09-15,PAYMENT - THANK YOU,,
2024-09-16,WINNERSHOMESENSE 38706,57.6,Retail
2024-09-17,LONGO'S GUELPH,9.02,Grocery
08/22/2024,DOLLARAMA # 795,13.84,Retail
08/21/2024,ENERCARE HOME SERVICES,59.64,Other
08/21/2024,WWW COSTCO CA,45.18,Retail
08/20/2024,KOODO MOBILE PAC,57.81,Mobility
08/20/2024,E-Z*PASSNY TOLLBYMAIL,16.93,Other
08/19/2024,ENERCARE HOME SERVICES,45.26,Other
08/18/2024,RAJDHANI SWEETS & REST,21.98,Dining
08/17/2024,AMZN Mktp CA*RU73740X1,37.28,Retail
08/17/2024,KING TANDOORI BAR & GRILL,76.85,Dining
08/16/2024,USCUSTOMS TRUSTEDTRAVELER,70.42,Travel
08/16/2024,USCUSTOMS TRUSTEDTRAVELER,70.42,Travel
08/16/2024,PETRO CANADA34462,30,Gas
08/15/2024,SICKKIDS FDN,40,Other
08/15/2024,NO FRILLS ROCKY'S #718,10.98,Grocery
08/14/2024,AMZN Mktp CA,,Retail
08/14/2024,AMZN Mktp CA,,Retail
08/14/2024,AMZN Mktp CA,,Retail
08/13/2024,WAL-MART SUPERCENTER#1079,14.11,Retail
08/13/2024,TIM HORTONS #0717,13.95,Dining
08/12/2024,AMZN Mktp CA,,Retail
08/12/2024,Lazeez,23.21,Dining
08/11/2024,TIM HORTONS #5912,13.2,Dining
08/10/2024,FRESHCO #3860,230.01,Grocery
08/10/2024,AMZN Mktp CA*RM97F7T31,142.34,Retail
08/10/2024,AMZN Mktp CA*RM60J8EA0,94.15,Retail
08/10/2024,AMZN Mktp CA*RM6EE4M92,94.15,Retail
08/10/2024,AMZN Mktp CA*RM4IA8EC0,94.16,Retail
08/10/2024,AMZN Mktp CA*RM2B390W0,91.5,Retail
08/10/2024,AMZN Mktp CA*RM5MG45G2,91.51,Retail
08/10/2024,PETRO CANADA 10503,10.47,Gas
08/10/2024,PETRO CANADA 10503,20,Gas
08/10/2024,SONNET INSURANCE COMPANY,135.98,Other
08/10/2024,TIM HORTONS #3020,3.14,Dining
08/09/2024,ROGERS ******1619,67.79,Mobility
08/09/2024,JAMES POTTER PIZZA DEPOT,16.09,Dining
08/08/2024,WINNERSHOMESENSE 38706,93.72,Retail
08/08/2024,TIM HORTONS #4852,1.7,Dining
08/06/2024,FRESHCO #9888,22.79,Grocery
08/04/2024,ASIAN FOOD CENTRE,14.6,Grocery
08/04/2024,NBX*FRANCIS,16.95,Other
08/03/2024,D AND S FRUITS,6,Grocery
08/03/2024,TIM HORTONS #732,4.38,Dining
08/03/2024,HAKKA LEGEND ASIAN CUISIN,18.03,Dining
08/02/2024,Amazon.ca*RF9FJ6T20,7.79,Retail
08/02/2024,JAMES POTTER PIZZA DEPOT,23.7,Dining
08/01/2024,AMZN Mktp CA*RF6K27NW2,42.88,Retail
08/01/2024,APOLLO INSURANCE,32.11,Other
07/31/2024,ESCAPE 2 OASIS,4,Other
07/27/2024,FRESHCO #3860,153.82,Grocery
07/27/2024,VICTORIA CORNERS ESSO,60,Gas
07/25/2024,HAKKA VILLAGE CHINESE RES,32.91,Dining
07/25/2024,ROCK N ROLLZ RAY LAWSON,13.29,Dining
07/25/2024,PAYMENT - THANK YOU,,
07/23/2024,OOMA CANADA INC,6.23,Other
07/21/2024,WAL-MART SUPERCENTER#1079,7.35,Retail
2024-04-30,TAJ MAHAL,159.44,Dining
2024-04-30,Starbucks,6.95,Dining
2024-04-30,Starbucks,5.77,Dining
2024-04-30,RIU P ESPAA TICKETS ENTRA,263.74,Travel
2024-04-30,PAPIZZA,3.96,Dining
2024-04-29,Zara,17.58,Retail
2024-04-29,SHOKO,73.42,Entertainment
2024-04-29,SHOKO,73.42,Entertainment
2024-04-29,BADAVI LIC,10.8,Transportation
2024-04-29,TB UNIVERSIDAD BCN,9.47,Transportation
2024-04-28,Starbucks,7.36,Dining
2024-04-28,TAXI LIC,15.41,Transportation
2024-04-27,KIMPTON VIVIDORA HOTEL FO,243.74,Travel
2024-04-27,SAVANNAH DEL BORNE,46.99,Entertainment
2024-04-27,Airalo,13.86,Travel
2024-04-26,RENT TOP APARTMENTS SL,213.48,Travel
2024-04-26,Walmart,22.28,Other
2024-04-26,A&W,16.7,Dining
2024-04-26,Dollarama,5.65,Other
2024-04-26,Your Dollar Store,2.26,Other
2024-04-26,Airalo,24.95,Travel
2024-04-25,Urban Planet,19.49,Retail
2024-04-25,Dollarama,11.3,Other
2024-04-25,Airbnb,260.6,Travel
2024-04-24,Tim Hortons,6.76,Dining
2024-04-23,Tim Hortons,7.66,Dining
2024-04-23,Tim Hortons,3.66,Dining
2024-04-23,          FROM - *****05*1283,-1287.13,
2024-04-22,FEVER,65.1,Entertainment
2024-04-22,FEVER,65.1,Entertainment
2024-04-22,FEVER,65.1,Entertainment
2024-04-22,FEVER,65.1,Entertainment
2024-04-22,Coca Cola,3.5,Dining
2024-04-22,Uber,23.85,Transportation
2024-04-22,Tim Hortons,6.06,Dining
2024-04-21,A&W,15.53,Dining
2024-04-21,VAN  VINO VOLO,18.25,Dining
2024-04-21,Tommy Hilfiger,34.31,Retail
2024-04-20,Aritzia,27.99,Retail
2024-04-20,DANK MART,11.98,Other
2024-04-19,LS KINTON RAMEN VANCOU,20.1,Dining
2024-04-18,Chipotle,12.76,Dining
2024-04-17,Fresh St. Market,11.03,Grocery
2024-04-16,A&W,9.54,Dining
2024-04-16,          FROM - *****04*8379,-1100,
2024-04-15,Fresh St. Market,11.03,Grocery
2024-04-15,Cineplex,9.5,Entertainment
2024-04-15,Fresh St. Market,1.89,Grocery
2024-04-14,Uber,24.2,Transportation
2024-04-14,Airbnb,1098.69,Travel
2024-04-14,SHIN WA,28.11,Dining
2024-04-14,SWEET LIFE CANDY & PO,13.54,Dining
2024-04-14,LAZEEZ,10.5,Dining
2024-04-14,RAMDOOT INVESTMENT,8.79,Other
2024-04-14,SR AVIATOR CAFE,5.65,Dining
2024-04-14,SR AVIATOR CAFE,3.28,Dining
2024-04-13,BARE ESSENTIALS WAXING,41.55,Other
2024-04-11,WATERLOO,2.14,Other
2024-04-10,Tim Hortons,3.14,Dining
2024-04-09,Tim Hortons,3.14,Dining
2024-04-08,Shoppers Drug Mart,14.67,Pharmaceutical
2024-04-07,Uber Eats,13.85,Dining
2024-04-07,Pharmasave,2.07,Pharmaceutical
2024-04-06,Presto,20,Transportation
2024-04-06,Tim Hortons,6.77,Dining
2024-04-05,CASA BATLLO,342.29,Travel
2024-04-05,Shoppers Drug Mart,32.24,Pharmaceutical
2024-04-05,GETYOURGUIDE TICKETS,19.08,Travel
2024-04-05,WATERLOO,2.14,Other
2024-04-04,Chatime,7.35,Dining
2024-04-04,ONTARIO,8.92,Other
2024-04-03,Taco Bell,16.24,Dining
2024-04-02,Shein,142.75,Retail
2024-04-02,DYNASTY NAILS,10,Other
2024-04-02,SWEET LOUS COOKIE,6.22,Dining
2024-04-02,Taco Bell,5.19,Dining
2024-04-01,CHEF ON CALL,26.73,Dining
2024-04-01,MATH Dining & DONUT,0.85,Dining
2024-12-31,LCBO,28.85,Grocery
2024-12-31,Pizza Pizza,16.47,Dining
2024-12-31,ISABELLES,42.34,Dining
2024-12-31,EARLY MERCY EARLY MERCY,13.2,Dining
2024-12-31,EARLY MERCY EARLY MERCY,39.6,Dining
2024-12-31,FOUR BROTHERS PIZZA,12.44,Dining
2024-12-31,Tim Hortons,2.99,Dining
2024-12-31,Rogers,50.85,Mobility
2024-12-31,Walmart,24.14,Retail
2024-12-30,Great Clips,32.38,Other
2024-12-30,Tim Hortons,2.99,Dining
2024-12-29,SUBZI MANDI CASH,53.06,Grocery
2024-12-29,WIND JAPANESE & THAI,16.1,Dining
2024-12-29,OISHIITEA,6.6,Dining
2024-12-28,VALUE BUDS FLETCHER,10.1,Other
2024-12-27,Shoppers Drug Mart,38.93,Pharmaceutical
2024-12-27,Tim Hortons,4.78,Dining
2024-12-26,Uber Eats,13.11,Dining
2024-12-26,KING WEST NYE,111.32,Entertainment
2024-12-26,PUBLIC MOBILE SELF,39.55,Mobility
2024-12-26,Tim Hortons,2.99,Dining
2024-12-26,Tim Hortons,8.67,Dining
2024-12-25,Tim Hortons,7.28,Dining
2024-12-24,Shell,20.16,Gas
2024-12-24,Tim Hortons,2.39,Dining
2024-12-23,VALUE BUDS FLETCHER,8.97,Other
2024-12-23,Shein,38.84,Retail
2024-12-22,Tim Hortons,2.99,Dining
2024-12-22,PAYMENT FROM - *****05*12,-1731.25,
2024-12-22,LAZEEZ,12.25,Dining
2024-12-22,Walmart,22.25,Retail
2024-12-21,Shoppers Drug Mart,-13.04,Pharmaceutical
2024-12-21,Walmart,6.94,Retail
2024-12-20,Tim Hortons,5.98,Dining
2024-12-18,Tim Hortons,5.98,Dining
2024-12-18,Dollarama,3,Retail
2024-12-18,Amazon Prime,10.74,Subscription
2024-12-18,SCENE + TRAVEL CREDIT,-72.13,
2024-12-17,VALUE BUDS FLETCHER,4.52,Other
2024-12-17,CARE PLUS PHYSIOTHERAPY,6.78,Other
2024-12-17,Tim Hortons,7.57,Dining
2024-12-17,Lyft,5.99,Transportation
2024-12-15,Tim Hortons,5.68,Dining
2024-12-14,Tim Hortons,2.99,Dining
2024-12-13,Tim Hortons,3.14,Dining
2024-12-13,Shoppers Drug Mart,227.41,Pharmaceutical
2024-12-13,Uber,45.39,Transportation
2024-12-13,Uber,15.99,Transportation
2024-12-12,Lyft,73.5,Transportation
2024-12-12,Uber,10.75,Transportation
2024-12-10,Papa John's,56.66,Dining
2024-12-09,Amazon,1.98,Retail
2024-12-09,Amazon,9.22,Retail
2024-12-08,SIGHTGLASS Dining,9.97,Dining
2024-12-08,CHAAT CORNER INDIAN GROC,4.74,Grocery
2024-12-08,Macy's,-137.66,Retail
2024-12-07,MONROE SF,33.98,Dining
2024-12-07,CHAAT CORNER INDIAN GROC,4.74,Grocery
2024-12-07,Whole Foods Market,7.77,Grocery
2024-12-07,Lyft,22.64,Transportation
2024-12-07,Subway,-9.9,Dining
2024-12-07,Lyft,13.82,Transportation
2024-12-07,Subway,9.83,Dining
2024-12-06,SOMA WINE & SPIRITS,19.99,Grocery
2024-12-06,Starbucks,21.24,Dining
2024-12-06,CHAAT CORNER,12.15,Grocery
2024-12-04,Macy's,63.27,Retail
2024-12-04,DELAH Dining SF,17.13,Dining
2024-12-04,Whole Foods Market,6.32,Grocery
2024-12-03,Macy's,68.41,Retail
2024-12-03,Macy's,68.41,Retail
2024-12-03,Temu,45.63,Retail
2024-12-02,Best Buy,188.62,Retail
2024-12-01,Whole Foods Market,10.66,Grocery
2024-12-01,Lyft,11.75,Transportation
2024-12-01,Rogers,50.85,Mobility
2025-01-09,PUBLIC MOBILE SELF SER,20.34,Mobility
2025-01-09,THERMO FISHER TRO CAFE,7.59,Dining
2025-01-08,Pizza Pizza,27.78,Dining
2025-01-05,HECTOR & ALICJAS NF,58.44,Grocery
2025-01-03,Petro Canada,61.69,Gas
2025-01-01,Baskin Robbins,12.99,Dining
2025-01-01,Baskin Robbins,22.07,Dining
2025-01-01,CHAWLAS,75,Dining
2024-12-31,MTO TSD,24,Transportation
2024-12-31,SUBZI MANDI CASH & CAR,24.16,Grocery
2024-12-31,PASSNY REBILL,36.99,Other
2024-12-30,PAYMENT FROM - *****11*91,-894.24,
2024-12-27,Aviva,327.24,Other
2024-12-26,RAISING CANES,39,Dining
2024-12-24,Mary Browns,13.49,Dining
2024-12-24,Petro Canada,24.85,Gas
2024-12-22,Walmart,25.34,Retail
2024-12-22,PEARSON PARKING T3,35,Other
2024-12-22,OLG,15,Other
2024-12-21,Aldo,39.52,Retail
2024-12-21,Winners,92.12,Retail
2024-12-21,Metro,6.98,Grocery
2024-12-21,RAJDHANI EXPRESS,15.84,Dining
2024-12-20,Petro Canada,17.68,Gas
2024-12-16,Freshco,17.27,Grocery
2024-12-16,MTO TSD,90,Transportation
2024-12-16,HECTOR & ALICJAS NF,6.76,Grocery
2024-12-16,Petro Canada,57.65,Gas
2024-12-13,A&W,22.58,Dining
2024-12-11,Taco Bell,43.36,Dining
2024-12-10,PUBLIC MOBILE SELF SER,9.04,Mobility
2024-12-09,American Eagle,10.63,Retail
2024-12-09,PAYMENT FROM - *****11*91,-1497.02,
2024-12-08,Freshco,87.6,Grocery
2024-12-08,Freshco,-4.48,Grocery
2024-12-08,Canadian Tire,58.74,Retail
2024-12-08,SUBZI MANDI CASH & CAR,58.07,Grocery
2024-12-08,SUBZI MANDI CASH & CARR,6.9,Grocery
2024-12-07,Pizza Pizza,22.59,Dining
2024-12-07,Eddie Bauer,34.58,Retail
2024-12-05,Cineplex,36.74,Entertainment
2024-12-04,OLG,20,Other
2024-12-02,INDIAS TASTE,28.21,Dining
2024-12-01,HECTOR & ALICJAS NF,31.72,Grocery
2024-12-01,Petro Canada,56.1,Gas
2024-11-30,ANNALAKSHMI,51.93,Dining
2024-11-30,Thai Express,5.88,Dining
2024-11-30,Thai Express,59.48,Dining
2024-11-30,OLG,25,Other
2024-11-30,OLG,9,Other
2024-11-28,LENAS ROTI & DOUBLES,3.95,Dining
2024-11-28,LENAS ROTI & DOUBLES,29.79,Dining
2024-11-27,THERMO FISHER TRO CAFE,9.59,Dining
2024-11-27,OLG,25,Other
2024-11-26,Freshco,16.74,Grocery
2024-11-26,American Eagle,-43.56,Retail
2024-11-26,ANNUAL CASH BACK,-230.37,Other
2024-11-25,SUBZI MANDI CASH & CAR,1.58,Grocery
2024-11-25,Kia,138.59,Transportation
2024-11-24,Hudson's Bay,65.09,Retail
2024-11-24,RFBT ERIN MILLS TOWN CEN,8.46,Dining
2024-11-24,SUZY SHIER,107.89,Retail
2024-11-24,Gap,5.09,Retail
2024-11-22,Eddie Bauer,165.43,Retail
2024-11-22,Hollister,18.97,Retail
2024-11-21,Old Navy,-92.6,Retail
2024-11-20,American Eagle,43.56,Retail
2024-11-19,Freshco,14.28,Grocery
2024-11-19,Petro Canada,59.71,Gas
2024-11-19,Old Navy,92.6,Retail
2024-11-17,Uniqlo,90.07,Retail
2024-11-17,PALETTAMERICA,6.77,Dining
2024-11-16,Freshco,82.69,Grocery
2024-11-16,Dollarama,15.82,Retail
2024-11-15,THERMO FISHER TRO CAFE,9.02,Dining
2024-11-15,Ticketmaster,249.69,Entertainment
2024-11-13,PAYMENT FROM - *****11*91,-879.85,
2024-11-10,No Frills,11.85,Grocery
2024-11-10,PUBLIC MOBILE SELF SER,20.34,Mobility
2024-11-09,ADIL NF,43.77,Grocery
2024-11-08,Pizza Pizza,22.59,Dining
2024-11-07,Freshco,40.84,Grocery
2024-11-03,Freshco,46.77,Grocery
2024-11-03,Samsung,30,Other
2024-11-02,Cineplex,55.11,Entertainment
2024-11-01,Samsung,48.08,Other
2024-10-31,Samsung,4.19,Other
2024-10-29,Freedom mobile,50.85,Mobility
2024-10-28,Freshco,13.84,Grocery
2024-10-27,Samsung,45.03,Other
2024-10-27,Baskin Robbins,36.41,Dining
2024-10-27,Saravanaa Bhavan,126.57,Dining
2024-10-27,Pioneer Energy,60.64,Gas
2024-10-26,CHAWLAS,135.3,Dining
2024-10-26,Nike,79.09,Retail
2024-10-23,Samsung,8.58,Other
2024-10-19,Samsung,23.7,Other
2024-10-19,          FROM - *****11*9121,-719.68,
2024-10-19,Samsung,15.26,Other
2024-10-18,Samsung,73,Other
2024-10-18,POCKETHEALTH,55.37,Subscription
2024-10-18,Samsung,47.86,Other
2024-10-18,Samsung,40.84,Other
2024-10-18,Dollarama,16.95,Retail
2024-10-16,Samsung,8.58,Other
2024-10-12,MYNTRA DESIGNS PVT,10.42,Retail
2024-10-11,Petro Canada,65.13,Gas
2024-10-11,Ultramar,41.03,Gas
2024-10-11,Subway,27.18,Dining
2024-10-11,Kawartha Dairy,23.01,Grocery
2024-10-07,Ontario Parks,21,Travel
2024-10-06,Freshco,45.99,Grocery
2024-10-06,Asian Food Centre,6.66,Grocery
2024-10-02,Samsung,78.65,Other
2024-10-02,Samsung,8.58,Other
2024-09-29,Freedom mobile,50.85,Mobility
2024-09-29,Samsung,37.57,Other
2024-09-27,Walmart,13.94,Retail
2024-09-27,Samsung,8.11,Other
2024-09-26,          FROM - *****11*9121,-470.37,
2024-09-24,Freshco,69.97,Grocery
2024-09-22,HECTOR & ALICJAS NF,28.72,Grocery
2024-09-21,Samsung,26.09,Other
2024-09-20,Fortinos,32.41,Grocery
2024-09-19,Samsung,50,Other
2024-09-17,Course Hero,200.1,Subscription
2024-09-16,Samsung,55.84,Other
2024-09-16,Samsung,4.84,Other
2024-09-16,Samsung,2.4,Other
2024-09-13,          FROM - *****11*9121,-753.52,
2024-09-11,Samsung,11.29,Other
2024-09-11,Old Navy,76.22,Retail
2024-09-07,Samsung,192.72,Other
2024-09-05,McDonald's,9.02,Dining
2024-09-04,Samsung,50.07,Other
2024-09-04,McDonald's,9.09,Dining
2024-09-04,McDonald's,8.35,Dining
2024-09-03,Samsung,11.15,Other
2024-09-02,Samsung,32.85,Other
2024-08-30,Sheetz,32.09,Gas
2024-08-29,Samsung,22.59,Other
2024-08-29,Samsung,46.95,Other
2024-08-29,Freedom mobile,34.02,Mobility
2024-08-28,Samsung,6.09,Other
2024-08-26,Samsung,20.35,Other
2024-08-24,DUM PUKHT,182.09,Dining
2024-08-23,Samsung,8.58,Other
2024-08-23,          FROM - *****11*9121,-250.82,
2024-08-22,Samsung,7.9,Other
2024-08-21,OLG,20,Other
2024-08-20,Samsung,21,Other
2024-08-18,Tim Hortons,2.93,Dining
2024-08-17,Samsung,62.21,Other
2024-08-17,Samsung,55.23,Other
2024-08-16,Samsung,42.76,Other
2024-08-13,Popeye's,16.04,Dining
2024-08-13,20 MURRAY STREET PARKING,6,Transportation
2024-08-11,Samsung,63.19,Other
2024-08-10,E-ZPass,35.25,Transportation
2024-08-10,Ontario Parks,8.5,Travel
2024-08-09,Samsung,44.66,Other
2024-08-08,Samsung,16.03,Other
2024-08-08,Popeye's,12.96,Dining
2024-08-07,Popeye's,13.55,Dining
2024-08-03,Crocs,-8.5,Retail
2024-08-03,Samsung,113.49,Other
2024-08-03,Uber Eats,61.17,Dining
2024-08-02,OLG,20,Other
2024-08-02,Samsung,8.58,Other
2024-08-02,Samsung,174.98,Other
2024-08-02,Samsung,95.96,Other
2024-08-01,Esso,54.1,Gas
2024-07-31,Samsung,9.08,Other
2024-07-28,Samsung,13.98,Other
2024-07-27,Samsung,46.71,Other
2024-07-26,Freshco,81.81,Grocery
2024-07-26,Samsung,18.05,Other
2024-07-26,Samsung,8.58,Other
2024-07-25,Fido,157.07,Mobility
2024-07-25,Samsung,7.33,Other
2024-07-25,ANNUAL FEE,39,Other
2024-07-23,Samsung,6.78,Other
2024-07-21,Samsung,64.35,Other
2024-07-20,Carter's,71.35,Retail
2024-07-16,Popeye's,14.11,Dining
2024-07-14,Samsung,18.07,Other
2024-07-14,Tim Hortons,6.53,Dining
2024-07-08,Samsung,19.42,Other
2024-07-08,Samsung,10.95,Other
2024-07-07,Samsung,66,Other
2024-07-05,DOLPHINS SEA AQUARIUM,-38.46,Entertainment
2024-07-05,DOLPHINS SEA AQUARIUM,-38.46,Entertainment
2024-07-01,DOLPHINS SEA AQUARIUM,126.72,Entertainment
2024-07-01,Costco Membership,67.8,Subscription
2024-07-01,OTIUMINTERN,28.61,Other
2024-06-30,DOLPHINS SEA AQUARIUM,209.8,Entertainment
2024-06-30,DOLPHINS SEA AQUARIUM,209.45,Entertainment
2024-06-29,Samsung,42.34,Other
2024-06-28,Samsung,4.19,Other
2024-06-27,Samsung,49.11,Other
2024-06-27,Samsung,8.58,Other
2024-06-25,Fido,201.14,Mobility
2024-06-25,Samsung,5,Other
2024-06-24,Samsung,7.9,Other
2024-06-23,Samsung,85.42,Other
2024-06-23,Uber Eats,16.6,Dining
2024-06-21,Icelandair,-2527,Travel
2024-06-21,Samsung,8.58,Other
2024-06-20,Samsung,63.71,Other
2024-06-16,Samsung,32.96,Other
2024-06-16,Samsung,19.33,Other
2024-06-15,Wendy's,13.55,Dining
2024-06-15,Samsung,11.85,Other
2024-06-14,Freshco,26.36,Grocery
2024-06-14,Samsung,8.58,Other
2024-06-13,Walmart,20.98,Retail
2024-06-13,          FROM - *****11*9121,-591.77,
2024-06-11,Samsung,6.78,Other
2024-06-10,Samsung,13.55,Other
2024-06-10,Samsung,8.58,Other
2024-06-08,DAAL ROTI,23.72,Dining
2024-06-05,Samsung,8.13,Other
2024-05-31,Samsung,19.21,Other
2024-05-30,Freshco,116.98,Grocery
2024-05-30,Samsung,3.14,Other
2024-05-25,Walmart,18.92,Retail
2024-05-25,Fido,157.07,Mobility
2024-05-25,Samsung,52.18,Other
2024-05-25,PARKS,39.25,Travel
2024-05-24,Samsung,60.95,Other
2024-05-24,OLG,7,Other
2024-05-23,Sam's Club,-15.76,Retail
2024-05-23,Popeye's,9.59,Dining
2024-05-21,          FROM - *****11*9121,-915.62,
2024-05-20,Gap,31.42,Retail
2024-05-19,Sam's Club,123.67,Retail
2024-05-19,Sam's Club,42.5,Retail
2024-05-18,OLG,20,Other
2024-05-17,Samsung,10.95,Other
2024-05-15,Samsung,42.11,Other
2024-05-15,Uber Eats,14.07,Dining
2024-05-14,Samsung,9.76,Other
2024-05-09,Freshco,129.86,Grocery
2024-05-07,Samsung,4.84,Other
2024-05-06,Uber Eats,10.95,Dining
2024-05-04,Walmart,84.37,Retail
2024-05-03,Freshco,143.14,Grocery
2024-05-03,HECTOR & ALICJAS NF,25.28,Grocery
2024-05-02,Petro Canada,69.86,Gas
2024-05-02,Uber Eats,8.34,Dining
2024-04-30,Canadian Tire,25.98,Retail
2024-04-30,Kia,135.2,Transportation
2024-04-30,Taco Bell,18.75,Dining
2024-04-29,Tim Hortons,3.14,Dining
2024-04-29,Tim Hortons,2.93,Dining
2024-04-29,          FROM - *****11*9121,-1283.22,
2024-04-25,Fido,157.07,Mobility
2024-04-24,Samsung,8.58,Other
2024-04-21,Walmart,169.47,Retail
2024-04-20,KAILASH PARBAT,160.27,Dining
2024-04-20,Fortinos,45.19,Grocery
2024-04-20,Fortinos,21.45,Grocery
2024-04-20,Fortinos,5.64,Grocery
2024-04-19,Samsung,63.01,Other
2024-04-19,Samsung,53.45,Other
2024-04-19,Samsung,52.18,Other
2024-04-19,Samsung,12,Other
2024-04-16,Freshco,124.16,Grocery
2024-04-16,Osmow's,16.03,Dining
2024-04-15,Samsung,2.4,Other
2024-04-12,MUGHAL MAHAL RESTAURAN,92.78,Dining
2024-04-12,Sephora,55.4,Retail
2024-04-12,SHAKE SQUARE,19.87,Dining
2024-04-12,Samsung,4.84,Other
2024-04-11,PEARSON PARKING T1,30,Transportation
2024-04-11,Petro Canada,66.76,Gas
2024-04-11,Tim Hortons,3.14,Dining
2024-04-09,Freshco,43.67,Grocery
2024-04-09,Samsung,4.19,Other
2024-04-06,Royal Paan,23.73,Dining
2024-04-05,Taco Bell,27.99,Dining
2024-04-05,Walmart,19.95,Retail
2024-04-05,          FROM - *****11*9121,-6068.26,
2024-04-02,KARAHI POINT EXPRESS,40.67,Dining
2024-04-01,SUBZI MANDI CASH & CAR,26.1,Grocery
2024-03-31,Esso,59.36,Gas
2024-03-30,Under Armour,91.73,Retail
2024-03-30,CALL IT SPRING,90.38,Retail
2024-03-30,Eddie Bauer,45.2,Retail
2024-03-30,Gap,40.08,Retail
2024-03-30,OF COUNTY OF HASTING,40,Other
2024-03-30,Pizza Pizza,22.59,Dining
2024-03-29,Petro Canada,64.93,Gas
2024-03-29,THE IMPERIAL TANDOOR,56.56,Dining
2024-03-28,Samsung,3.14,Other
2024-03-28,Resume.io,31.95,Subscription
2024-03-27,Freshco,14.27,Grocery
2024-03-27,Taco Bell,13.89,Dining
2024-03-27,Samsung,5.52,Other
2024-03-26,Icelandair,5054,Travel
2024-03-26,Fortinos,23.67,Grocery
2024-03-26,Fortinos,11.28,Grocery
2024-03-25,Fido,157.07,Mobility
2024-03-24,OM INDIA FOOD CENTRE,49.14,Grocery
2024-03-24,Tim Hortons,2.93,Dining
2024-03-22,Presto,30,Transportation
2024-03-22,Samsung,21.23,Other
2024-03-21,Fortinos,13.26,Grocery
2024-03-21,Fortinos,6.99,Grocery
2024-03-21,Resume.io,3.95,Subscription
2024-03-20,HECTOR & ALICJAS NF,48.37,Grocery
2024-03-18,Samsung,2.4,Other
2024-03-18,Samsung,2.1,Other
2024-03-18,          FROM - *****11*9121,-518.45,
2024-03-17,Petro Canada,50,Gas
2024-03-17,RASHMIS BAKERY,42.26,Dining
2024-03-16,Petro Canada,68.13,Gas
2024-03-16,NIAGARA PARKS COMMISSION,35,Travel
2024-03-16,Eddie Bauer,24.85,Retail
2024-03-16,Victoria's Secret,11.29,Retail
2024-03-15,Uber Eats,16.49,Dining
2024-03-14,SUBZI MANDI CASH & CAR,47.14,Grocery
2024-03-14,Presto,30,Transportation
2024-03-14,Tim Hortons,7.21,Dining
2024-03-13,Osmow's,21.23,Dining
2024-03-11,A&W,8.57,Dining
2024-03-11,Tim Hortons,2.93,Dining
2024-03-10,Walmart,17.66,Retail
2024-03-09,Petro Canada,50,Gas
2024-03-08,A2B RESTAURANTS,60.72,Dining
2024-03-08,Freshco,12.03,Grocery
2024-03-07,OLG,13,Other
2024-03-07,Tim Hortons,8.44,Dining
2024-03-07,OLG,4,Other
2024-03-07,          FROM - *****11*9121,-520.79,
2024-03-06,Freshco,27.45,Grocery
2024-03-06,Walmart,5.61,Retail
2024-03-06,Uber Eats,16.49,Dining
2024-03-04,Tim Hortons,9.69,Dining
2024-03-04,Samsung,4.2,Other
2024-03-02,Pizza Pizza,26.79,Dining
2024-02-29,A&W,16.7,Dining
2024-02-29,Petro Canada,53.05,Gas
2024-02-26,Uber Eats,9.02,Dining
2024-02-26,Tim Hortons,5.96,Dining
2024-02-25,Fido,157.07,Mobility
2024-02-23,OLG,20,Other
2024-02-22,Shoppers Drug Mart,30.48,Pharmaceutical
2024-02-21,Uber Eats,9.71,Dining
2024-02-20,Freshco,30.19,Grocery
2024-02-20,Walmart,2,Retail
2024-02-20,Tim Hortons,2.93,Dining
2024-02-19,HUB BURRITOS,13.64,Dining
2024-02-19,KIBO SUSHI,24.67,Dining
2024-02-18,CAD SODA SNACK VENDING,3,Dining
2024-02-18,CAD SODA SNACK VENDING,3,Dining
2024-02-17,PARKING ENFORCEMENT,46.5,Transportation
2024-02-17,OLG,25,Other
2024-02-15,Samsung,2.4,Other
2024-02-14,OLG,30,Other
2024-02-14,          FROM - *****11*9121,-512.79,
2024-02-12,Freshco,22.5,Grocery
2024-02-12,Petro Canada,60.02,Gas
2024-02-11,Taco Bell,13.55,Dining
2024-02-09,Klm Air,-41.76,Travel
2024-02-09,Food Basics,88.38,Grocery
2024-02-09,Samsung,39.15,Other
2024-02-09,Samsung,7.91,Other
2024-02-09,Samsung,2.25,Other
2024-02-08,Samsung,2.4,Other
2024-02-07,Samsung,7.9,Other
2024-02-05,Samsung,8.58,Other
2024-02-05,Samsung,2.1,Other
2024-02-02,Walmart,52.05,Retail
2024-01-31,THERMO FISHER TRO CAFE,11.16,Dining
2024-01-31,Harvey's,11.29,Dining
2024-01-31,Harvey's,9.36,Dining
2024-01-25,Fido,144.19,Mobility
2024-01-18,          FROM - *****11*9121,-636.38,
2024-01-14,Samsung,18.26,Other
2024-01-12,Petro Canada,51.56,Gas
2024-01-12,THERMO FISHER TRO CAFE,4.19,Dining
2024-01-11,DSW,54.22,Retail
2024-01-11,Walmart,10.17,Retail
2024-01-11,Dollarama,65.26,Retail
2024-01-10,THERMO FISHER TRO CAFE,8.58,Dining
2024-01-09,Freshco,29.17,Grocery
2024-01-09,THERMO FISHER TRO CAFE,4.84,Dining
2024-01-07,CHAWLAS INDIAN BISTRO,122.55,Dining
2024-01-06,D SPOT DESSERT CAFE BRAM,50.68,Dining
2024-01-03,A&W,17.5,Dining
2024-01-03,Petro Canada,47.08,Gas
2024-01-02,SUBZI MANDI CASH & CAR,11.98,Grocery
2024-01-02,          FROM - *****11*9121,-1542.85,
2024-01-01,A2B RESTAURANTS,140.34,Dining
2023-12-30,SUBZI MANDI CASH & CAR,15.87,Grocery
2023-12-29,SHAYONA,39.61,Grocery
2023-12-29,SHAYONA,8,Grocery
2023-12-26,The Home Depot,4.69,Retail
2023-12-26,Tim Hortons,11.59,Dining
2023-12-25,Fido,150.23,Mobility
2023-12-25,Petro Canada,39.97,Gas
2023-12-23,SUBZI MANDI CASH & CAR,14.84,Grocery
2023-12-23,HECTOR & ALICJAS NF,4.98,Grocery
2023-12-22,CHAWLAS,229.12,Dining
2023-12-22,Royal Paan,67.8,Dining
2023-12-21,Fortinos,22.63,Grocery
2023-12-21,Fortinos,9.03,Grocery
2023-12-20,A&W,17.5,Dining
2023-12-14,CHAWLAS,124.3,Dining
2023-12-14,Kia,439.81,Transportation
2023-12-14,Aviva,335.88,Transportation
2023-12-13,OLG,7,Other
2023-12-11,Tim Hortons,7.66,Dining
2023-12-11,          FROM - *****11*9121,-873.62,
2023-12-10,FALAFEL PLUS,44.91,Dining
2023-12-08,Fortinos,13.47,Grocery
2023-12-08,Fortinos,6.77,Grocery
2023-12-08,SUBZI MANDI CASH & CAR,26.56,Grocery
2023-12-05,Uber Eats,13.5,Dining
2023-12-02,Petro Canada,60.56,Gas
2023-11-29,Freshco,33.34,Grocery
2023-11-28,Walmart,7.88,Retail
2023-11-28,Watan Kabob,18.63,Dining
2023-11-28,SUBZI MANDI CASH & CAR,2.62,Grocery
2023-11-27,ANNUAL CASH BACK,-278.5,Other
2023-11-26,Walmart,49.66,Retail
2023-11-25,Freshco,59,Grocery
2023-11-25,Fido,143.51,Mobility
2023-11-24,Walmart,429.27,Retail
2023-11-24,MAHARAJA BHOG,101.28,Dining
2023-11-23,THERMO FISHER TRO CAFE,11.16,Dining
2023-11-21,Shoppers Drug Mart,51.95,Pharmaceutical
2023-11-21,Shoppers Drug Mart,14.68,Pharmaceutical
2023-11-21,THERMO FISHER TRO CAFE,6.78,Dining
2023-11-20,ANNALAKSHMI,27.96,Dining
2023-11-20,THERMO FISHER TRO CAFE,2.4,Dining
2023-11-19,SUBZI MANDI CASH & CAR,8.45,Grocery
2023-11-18,ADIL NF,-28.25,Grocery
2023-11-18,Fortinos,38.37,Grocery
2023-11-17,Petro Canada,58.32,Gas
2023-11-17,ADIL NF,56.03,Grocery
2023-11-17,          FROM - *****11*9121,-915.85,
2023-11-16,THERMO FISHER TRO CAFE,8.58,Dining
2023-11-12,Pizza Pizza,28.68,Dining
2023-11-10,INDIAN FROOTLAND,35.05,Grocery
2023-11-10,INDIAN FROOTLAND,10.98,Grocery
2023-11-10,THERMO FISHER TRO CAFE,4.19,Dining
2023-11-08,Freshco,56.99,Grocery
2023-11-08,THERMO FISHER TRO CAFE,7.9,Dining
2023-11-06,UNITED FOOD MART,8.35,Grocery
2023-11-04,OM INDIA FOOD CENTRE,16,Grocery
2023-11-03,Canadian Tire,45.18,Retail
2023-11-03,Petro Canada,39.71,Gas
2023-11-03,Petro Canada,10,Gas
2023-11-02,SUBZI MANDI CASH & CAR,6.98,Grocery
2023-10-31,Freshco,46.25,Grocery
2023-10-31,THP CREDIT VALLEY HOSPI,11.25,Pharmaceutical
2023-10-30,THERMO FISHER TRO CAFE,8.58,Dining
2023-10-29,HAKKALICIOUS,18.07,Dining
2023-10-29,Fortinos,10.48,Grocery
2023-10-28,Conservation Halton,62.72,Travel
2023-10-28,SOUTH STREET BURGER,56.39,Dining
2023-10-28,OLG,30,Other
2023-10-27,INTEREST CHARGES-PURCHASE,30.49,Other
2023-10-26,A&W,8.67,Dining
2023-10-26,Petro Canada,62.33,Gas
2023-10-25,Fido,144.64,Mobility
2023-10-25,Uber Eats,14.22,Dining
2023-10-24,SUBZI MANDI CASH & CAR,3.59,Grocery
2023-10-23,Uber Eats,15.23,Dining
2023-10-20,          FROM - *****11*9121,-1083.45,
2023-10-18,POCKETHEALTH,55.37,Subscription
2023-10-18,SCOTIABANK TRANSIT,-10,Other
2023-10-16,THERMO FISHER TRO CAFE,6.2,Dining
2023-10-15,Freshco,89.62,Grocery
2023-10-15,A2B RESTAURANTS,77.83,Dining
2023-10-14,Petro Canada,45.82,Gas
2023-10-14,Osmow's,42.79,Dining
2023-10-14,OLG,14,Other
2023-10-12,Freshco,5.89,Grocery
2023-10-11,Uber Eats,16.49,Dining
2023-10-09,Pizza Pizza,25.81,Dining
2023-10-08,BOARD OF GOVERNORS OF EXH,15,Other
2023-10-07,SUBZI MANDI CASH & CAR,51.01,Grocery
2023-10-06,Osmow's,27.21,Dining
2023-10-02,Petro Canada,40.03,Gas
2023-10-02,A&W,17.5,Dining
2023-10-02,Watan Kabob,16.37,Dining
2023-10-02,Tim Hortons,2.93,Dining
2023-10-01,Winners,225.97,Retail
2023-10-01,HOTSTAR,49.99,Subscription
2023-09-30,Walmart,22.19,Retail
2023-09-29,THERMO FISHER TRO CAFE,7.94,Dining
2023-09-28,Freshco,11.85,Grocery
2023-09-27,THERMO FISHER TRO CAFE,5.39,Dining
2023-09-25,Freshco,16.6,Grocery
2023-09-25,Fido,194.3,Mobility
2023-09-25,THERMO FISHER TRO CAFE,9.35,Dining
2023-09-25,          FROM - *****11*9121,-4599.49,
2023-09-21,OLG,14,Other
2023-09-21,THERMO FISHER TRO CAFE,7.9,Dining
2023-09-20,Klm Air,2380.56,Travel
2023-09-20,Petro Canada,65.08,Gas
2023-09-20,DESI ROAD,63.98,Dining
2023-09-17,Course Hero,199.2,Subscription
2023-09-17,SUBZI MANDI CASH & CAR,91.37,Grocery
2023-09-17,HECTOR & ALICJAS NF,74.85,Grocery
2023-09-16,Walmart,150.32,Retail
2023-09-16,American Express,-144.64,Retail
2023-09-14,Pizza Pizza,9.59,Dining
2023-09-14,Wendy's,8.91,Dining
2023-09-14,OLG,22,Other
2023-09-12,Shoppers Drug Mart,22.69,Pharmaceutical
2023-09-12,LENAS ROTI & DOUBLES,11.14,Dining
2023-09-08,Petro Canada,55.48,Gas
2023-09-08,E-ZPass,29.51,Transportation
2023-09-07,Watan Kabob,18.63,Dining
2023-09-06,SHAYONA,40.47,Grocery
2023-09-05,Walmart,9.94,Retail
2023-09-05,PUJA HUT,316.37,Retail
2023-09-05,TONAWANDA TN,269.22,Travel
2023-09-05,OM INDIA FOOD CENTRE,24.53,Grocery
2023-09-05,OM INDIA FOOD CENTRE,15.26,Grocery
2023-09-05,TONAWANDA TN CT FEE,8.05,Travel
2023-09-04,NIAGARA PARKS COMMISSION,35,Travel
2023-09-04,HORNBLOWER NIAGARA CRU,185.05,Travel
2023-09-04,GURU LUKSHMI,101.05,Dining
2023-09-04,DIGITAL ATTRACTIONS,45,Travel
2023-09-04,Petro Canada,43.09,Gas
2023-09-04,Petro Canada,27.12,Gas
2023-09-04,CITY EXPERIENCES,25.27,Travel
2023-09-04,Tim Hortons,5.96,Dining
2023-09-03,CHAWLAS,157.83,Dining
2023-09-03,Royal Paan,18.08,Dining
2023-09-02,OLG,21,Other
2023-09-02,SUBZI MANDI CASH & CAR,19.4,Grocery
2023-09-01,THERMO FISHER TRO CAFE,4.19,Dining
2023-08-31,HH CAN,144.64,Retail
2023-08-31,THERMO FISHER TRO CAFE,2.4,Dining
2023-08-30,          FROM - *****11*9121,-1171.11,
2023-08-30,THERMO FISHER TRO CAFE,8.58,Dining
2023-08-28,Shoppers Drug Mart,32.64,Pharmaceutical
2023-08-28,THERMO FISHER TRO CAFE,8.58,Dining
2023-08-27,Talize,73.25,Retail
2023-08-27,SUBZI MANDI CASH & CAR,42.13,Grocery
2023-08-26,Fido,159.33,Mobility
2023-08-26,Urban Planet,128.18,Retail
2023-08-26,VILLA MADINA,15.81,Dining
2023-08-26,Gap,15.79,Retail
2023-08-25,Pizza Pizza,23.14,Dining
2023-08-23,THERMO FISHER TRO CAFE,7.9,Dining
2023-08-22,Baskin Robbins,17.48,Dining
2023-08-21,Walmart,129.59,Retail
2023-08-20,Winners,152.52,Retail
2023-08-19,CHAWLAS,87.58,Dining
2023-08-18,Petro Canada,38.14,Gas
2023-08-18,THERMO FISHER TRO CAFE,9.76,Dining
2023-08-18,A&W,9.71,Dining
2023-08-13,PEARSON PARKING T1,12,Travel
2023-08-13,SUBZI MANDI CASH & CAR,9.56,Grocery
2023-08-13,SUBZI MANDI CASH & CAR,9.02,Grocery
2023-08-12,Freshco,113.87,Grocery
2023-08-11,Popeye's,13.55,Dining
2023-08-10,Petro Canada,53,Gas
2023-08-09,          FROM - *****11*9121,-1938.88,
2023-08-08,LENAS ROTI & DOUBLES,12.14,Dining
2023-08-07,Sunoco,38.47,Gas
2023-08-05,Petro Canada,53.59,Gas
2023-08-03,A&W,16.71,Dining
2023-08-02,Big Smoke Burger,15.09,Dining
2023-08-02,Tim Hortons,5.4,Dining
2023-08-02,THERMO FISHER TRO CAFE,4.84,Dining
2023-08-02,Tim Hortons,3.14,Dining
2023-08-01,A&W,14.78,Dining
2023-07-31,Ministry of Transport Ontario,36,Transportation
2023-07-29,Samsung,1149.9,Other
2023-07-29,Hollister,41.81,Retail
2023-07-29,Bath & Body Works,31.64,Retail
2023-07-29,Aritzia,21.46,Retail
2023-07-28,Food Basics,25.05,Grocery
2023-07-28,Hero Certified Burgers,15.58,Dining
2023-07-28,Hero Certified Burgers,10.57,Dining
2023-07-27,Husky,71.78,Gas
2023-07-27,ANNUAL FEE,39,Other
2023-07-26,OLG,20,Other
2023-07-25,Fido,197.75,Mobility
2023-07-22,JAY BHAVANI VADAPAV,27.23,Dining
2023-07-21,Popeye's,13.55,Dining
2023-07-21,Osmow's,12.42,Dining
2023-07-20,SPRING VALLEY PHARMACY,24.3,Pharmaceutical
2023-07-19,OLG,13,Other
2023-07-18,H&M,68.91,Retail
2023-07-17,SCOTIABANK TRANSIT,-10,Other
2023-07-16,Walmart,20.68,Retail
2023-07-16,OLG,13,Other
2023-07-15,          FROM - *****11*9121,-1027.23,
2023-07-14,Osmow's,12.42,Dining
2023-07-12,Asian Food Centre,9.92,Grocery
2023-07-12,Subway,3.04,Dining
2023-07-11,LENAS ROTI & DOUBLES,15.79,Dining
2023-07-10,Petro Canada,72.42,Gas
2023-07-10,McDonald's,12.76,Dining
2023-07-09,Exxonmobil,49.04,Gas
2023-07-08,Petro Canada,20.91,Gas
2023-07-07,Freshco,29.85,Grocery
2023-07-07,OLG,26,Other
2023-07-07,THERMO FISHER TRO CAFE,7.99,Dining
2023-07-04,Petro Canada,69.99,Gas
2023-07-04,SUBZI MANDI CASH & CAR,27.39,Grocery
2023-07-04,THERMO FISHER TRO CAFE,3.89,Dining
2023-07-03,Pizza Pizza,23.24,Dining
2023-07-03,CALE SYSTEMS MOHAWK,6,Other
2023-07-02,Walmart,59,Retail
2023-07-02,SHAYONA,57.81,Grocery
2023-07-02,SUBZI MANDI CASH & CAR,22.52,Grocery
2023-07-01,OLG,20,Other
2023-06-30,THERMO FISHER TRO CAFE,7.99,Dining
2023-06-29,Canadian Tire,28.23,Retail
2023-06-29,SUBZI MANDI CASH & CAR,11.99,Grocery
2023-06-28,E-ZPass,4.38,Transportation
2023-06-27,OLG,20,Other
2023-06-25,Fido,176.28,Mobility
2023-06-25,Dollarama,36.49,Retail
2023-06-25,MELTWICH,10.17,Dining
2023-06-25,Osmow's,10.16,Dining
2023-06-24,SUBZI MANDI CASH & CAR,59.3,Grocery
2023-06-24,SUBZI MANDI CASH & CAR,43.35,Grocery
2023-06-21,          FROM - *****11*9121,-1037.29,
2023-06-19,MR.SUB,13.42,Dining
2023-06-18,Petro Canada,38.03,Gas
2023-06-18,Petro Canada,32.99,Gas
2023-06-18,BLUE HERON CRUISES,124.21,Travel
2023-06-17,Freshco,20.53,Grocery
2023-06-17,CHAWLAS INDIAN BISTRO,54.19,Dining
2023-06-17,SUBZI MANDI CASH & CAR,9.98,Grocery
2023-06-17,Mary Browns,7.9,Dining
2023-06-16,Mary Browns,24.04,Dining
2023-06-12,Husky,66,Gas
2023-06-11,ARIANA HALAL MEAT & KAB,18.99,Grocery
2023-06-11,KARAHI POINT EXPRESS,40.41,Dining
2023-06-09,THERMO FISHER TRO CAFE,7.99,Dining
2023-06-07,MILLENNIAL EVENTS TIX,77.33,Entertainment
2023-06-07,SUBZI MANDI CASH & CAR,16.73,Grocery
2023-06-06,Freshco,5.54,Grocery
2023-06-06,THERMO FISHER TRO CAFE,6.6,Dining
2023-06-06,AUNTYS KITCHEN,21.15,Dining
2023-06-05,Shell,30.33,Gas
2023-06-05,Sheetz,24.71,Gas
2023-06-02,ONVO TRAVEL PLAZA GOUL,51.05,Gas
2023-06-01,Esso,67.05,Gas
2023-06-01,Freshco,11.35,Grocery
2023-06-01,Winners,79.08,Retail
2023-06-01,THERMO FISHER TRO CAFE,5.92,Dining
2023-05-31,THERMO FISHER TRO CAFE,2.21,Dining
2023-05-31,THERMO FISHER TRO CAFE,1.89,Dining
2023-05-29,Freshco,55.25,Grocery
2023-05-29,THERMO FISHER TRO CAFE,5.69,Dining
2023-05-29,THERMO FISHER TRO CAFE,2.21,Dining
2023-05-28,CHAATTER BOX,75.36,Dining
2023-05-27,          FROM - *****11*9121,-1043.17,
2023-05-27,MASRAWY EGYPTIAN KITCHEN,39.16,Dining
2023-05-25,Fido,122.04,Mobility
2023-05-25,SUBZI MANDI CASH & CAR,5.99,Grocery
2023-05-24,Pizza Pizza,15.24,Dining
2023-05-23,ALFA OPTICAL,-140,Retail
2023-05-21,RIPLEYS AQUARIUM,99.44,Entertainment
2023-05-20,Popeye's,12.98,Dining
2023-05-19,Husky,58.03,Gas
2023-05-18,ALFA OPTICAL,70,Retail
2023-05-18,ALFA OPTICAL,70,Retail
2023-05-17,Popeye's,9.59,Dining
2023-05-16,Kia,122.09,Transportation
2023-05-16,SUBZI MANDI CASH & CAR,11.77,Grocery
2023-05-14,TIP TOP TAILORS,283.75,Retail
2023-05-13,Winners,115.23,Retail
2023-05-13,The Chopped Leaf,27.4,Dining
2023-05-09,Freshco,28.54,Grocery
2023-05-09,Taco Bell,25.74,Dining
2023-05-09,THERMO FISHER TRO CAFE,6.66,Dining
2023-05-06,DAAL ROTI,98.68,Dining
2023-05-05,Petro Canada,46.88,Gas
2023-05-05,          FROM - *****11*9121,-1000.53,
2023-05-04,SARANGANS NF,15.27,Grocery
2023-05-04,QUIK CHIK,12.77,Dining
2023-05-04,QUIK CHIK,9.61,Dining
2023-05-03,Walmart,15.16,Retail
2023-05-02,THERMO FISHER TRO CAFE,4.69,Dining
2023-04-29,A2B RESTAURANTS,120.25,Dining
2023-04-27,Hero Certified Burgers,13.32,Dining
2023-04-27,Popeye's,12.4,Dining
2023-04-26,OLG,13,Other
2023-04-25,Husky,48.5,Gas
2023-04-25,Wendy's,8.23,Dining
2023-04-25,Fido,122.04,Mobility
2023-04-23,Freshco,17.99,Grocery
2023-04-21,SUBZI MANDI CASH & CAR,17.12,Grocery
2023-04-20,Thai Express,32.69,Dining
2023-04-20,Pizza Pizza,23.24,Dining
2023-04-20,D SPOT DESSERT CAFE BRAM,15.53,Dining
2023-04-16,DESI ROAD,71.63,Dining
2023-04-16,Winners,45.18,Retail
2023-04-16,OLG,13,Other
2023-04-16,Dollarama,10.71,Retail
2023-04-15,KAILASH PARBAT,124.1,Dining
2023-04-13,MTO E COMMERCE,91.25,Transportation
2023-04-13,Petro Canada,57.54,Gas
2023-04-10,OLG,24,Other
2023-04-08,          FROM - *****11*9121,-927.37,
2023-04-07,Tim Hortons,14.43,Dining
2023-04-06,Freshco,19.01,Grocery
2023-04-05,THERMO FISHER TRO CAFE,1.37,Dining
2023-04-04,SPRING VALLEY PHARMACY,27.46,Pharmaceutical
2023-04-04,THERMO FISHER TRO CAFE,5.69,Dining
2023-04-03,SUBZI MANDI CASH & CAR,16.64,Grocery
2023-04-02,Walmart,20.45,Retail
2023-04-02,SARANGANS NF,56.44,Grocery
2023-04-01,Urban Planet,49.71,Retail
2023-04-01,OLG,17,Other
2023-03-31,Osmow's,27.65,Dining
2023-03-31,Popeye's,7.33,Dining
2023-03-30,Petro Canada,58.99,Gas
2023-03-30,OLG,20,Other
2023-03-29,OLG,20,Other
2023-03-26,D SPOT DESSERT CAFE BRAM,27.06,Dining
2023-03-25,Freshco,-7.39,Grocery
2023-03-25,Freshco,156.27,Grocery
2023-03-25,Fido,122.04,Mobility
2023-03-25,Mary Browns,14.11,Dining
2023-03-23,OLG,12,Other
2023-03-23,OLG,12,Other
2023-03-23,Tim Hortons,5.28,Dining
2023-03-22,MTO E COMMERCE,91.25,Transportation
2023-03-21,Pizza Pizza,24.1,Dining
2023-03-20,Pizza Pizza,9.03,Dining
2023-03-15,Husky,30,Gas
2023-03-14,Walmart,14.89,Retail
2023-03-14,CHAWLAS,31.38,Dining
2023-03-14,Harvey's,14.11,Dining
2023-03-12,Mary Browns,23.5,Dining
2023-03-11,          FROM - *****11*9121,-923.97,
2023-03-11,Subway,9.03,Dining
2023-03-10,Wendy's,7.33,Dining
2023-03-09,Pizza Pizza,18.75,Dining
2023-03-08,Pizza Pizza,18.06,Dining
2023-03-08,Popeye's,13.55,Dining
2023-03-07,Petro Canada,41,Gas
2023-03-06,Wendy's,8.23,Dining
2023-03-05,SHIN WA,30.04,Dining
2023-03-05,Burger King,27.88,Dining
2023-03-03,TOMS,163.85,Retail
2023-03-03,THERMO FISHER TRO CAFE,1.89,Dining
2023-03-03,Tim Hortons,2.93,Dining
2023-03-02,Walmart,15.72,Retail
2023-03-02,Shoppers Drug Mart,71.18,Pharmaceutical
2023-03-02,OLG,15,Other
2023-03-02,THERMO FISHER TRO CAFE,4.04,Dining
2023-03-02,THERMO FISHER TRO CAFE,1.37,Dining
2023-03-01,THERMO FISHER TRO CAFE,3.89,Dining
2023-02-28,SUBZI MANDI CASH & CAR,51.03,Grocery
2023-02-28,SUBZI MANDI CASH & CAR,9.98,Grocery
2023-02-28,THERMO FISHER TRO CAFE,5.69,Dining
2023-02-28,THERMO FISHER TRO CAFE,3.89,Dining
2023-02-27,Etihad Airways,280.37,Travel
2023-02-25,Fido,119.27,Mobility
2023-02-14,          FROM - *****11*9121,-785.66,
2023-02-08,ETIHAD AIRW,3187.54,Travel
2023-02-08,ETIHAD AIRW,85.93,Travel
2023-02-08,          FROM - *****11*9121,-500,
2023-02-02,Klm Air,-1227.76,Travel
2023-02-02,Klm Air,-91.8,Travel
2023-01-29,PARAMOUNT T3 INTL YYZ,14.68,Dining
2023-01-28,Klm Air,1227.76,Travel
2023-01-28,Klm Air,91.8,Travel
2023-01-28,LCBO,-106.8,Grocery
2023-01-28,TORONTO DUTY FREE CATI,84,Travel
2023-01-27,ETIHAD AIRW,-2643.74,Travel
2023-01-27,SHIN WA,70.8,Dining
2023-01-26,Petro Canada,59.03,Gas
2023-01-26,SUBZI MANDI CASH & CAR,15.37,Grocery
2023-01-26,THERMO FISHER TRO CAFE,5.69,Dining
2023-01-26,INTEREST CHARGES-CASH,0.08,Other
2023-01-25,Fido,119.27,Mobility
2023-01-24,THERMO FISHER TRO CAFE,3.89,Dining
2023-01-23,Taco Bell,27.1,Dining
2023-01-23,THERMO FISHER TRO CAFE,3.89,Dining
2023-01-22,Walmart,52.29,Retail
2023-01-22,Shoppers Drug Mart,116.47,Pharmaceutical
2023-01-21,Best Buy,91.17,Retail
2023-01-21,HONEST BRAMPTON,47.72,Dining
2023-01-21,Banana Republic,36.6,Retail
2023-01-20,Pizza Pizza,14.68,Dining
2023-01-20,          FROM - *****11*9121,-1659.79,
2023-01-19,Fortinos,7.33,Grocery
2023-01-19,Fortinos,7.33,Grocery
2023-01-18,SUBZI MANDI CASH & CAR,12.16,Grocery
2023-01-16,Wendy's,8.13,Dining
2023-01-16,CASH-LIKE TRANSACTION FEE,5,Other
2023-01-16,OLG 1-800-387-0098       NORTH YORK   ON,25,Other
2023-01-16,Asian Food Centre,13.97,Grocery
2023-01-15,Tommy Hilfiger,113.6,Retail
2023-01-15,INDIAS TASTE,63.28,Dining
2023-01-15,Nordstrom,79.07,Retail
2023-01-14,Harvey's,16.82,Dining
2023-01-14,SUBZI MANDI CASH & CAR,14.27,Grocery
2023-01-12,Petro Canada,19.95,Gas
2023-01-12,Petro Canada,15,Gas
2023-01-12,Aviva,314.28,Transportation
1/1/2025,UBER* TRIP TORONTO ON,15.35,Transportation
1/2/2025,ARITZIA.COM 855-274-8942 BC,150.51,Retail
1/2/2025,STARBUCKS 16144 MISSISSAUGA ON,7.3,Dining
1/4/2025,CITY OF MISSISSAUGA TORONTO ON,1.75,Other
1/4/2025,LS Kinton Ramen Missis Mississauga ON,44.8,Dining
1/7/2025,ANNUAL FEE,4,Other
1/7/2025,ANNUAL FEE REBATE,-4,Other
12/8/2024,DEMETRES 7 BRAMPTON ON,28.28,Dining
12/9/2024,MCDONALD'S #40097 Q04 MISSISSAUGA ON,17.59,Dining
12/11/2024,LS KIBO SUSHI - SQUAR TORONTO ON,3.29,Dining
12/11/2024,SQ *BIGFATCOOKIES Mississauga ON,6.77,Dining
12/13/2024,Zara.com Fredericton NB,160.07,Retail
12/13/2024,Zara.com Fredericton NB,130.8,Retail
12/13/2024,TST-Paris Baguette Mis Mississauga ON,5.19,Dining
12/13/2024,WINNERS 233 MISSISSAUGA ON,56.48,Retail
12/16/2024,Subway 25666 Mississauga ON,5.99,Dining
12/16/2024,Zara.com Fredericton NB,-126.34,Retail
12/16/2024,Zara.com Fredericton NB,-155.61,Retail
12/17/2024,CHEWY TORONTO ON,36.54,Dining
12/17/2024,COACH OUTLET HALIFAX NS,225.1,Retail
12/17/2024,WINNERS 233 MISSISSAUGA ON,-56.48,Retail
12/19/2024,SQ *RICK'S GOOD EATS Mississauga ON,32.2,Dining
12/19/2024,UBER CANADA/UBERTRIP TORONTO ON,10.82,Transportation
12/19/2024,UBER CANADA/UBERTRIP TORONTO ON,11.19,Transportation
12/19/2024,CAD SODA SNACK VENDING TORONTO ON,5,Dining
12/19/2024,PAYMENT - THANK YOU / PAIEMENT - MERCI,-209,
12/19/2024,PRESTO FARE/5FPNL6M65F TORONTO ON,16.08,Transportation
12/19/2024,CHERRYS HIGH DIVE TORONTO ON,57.84,Dining
12/20/2024,LULULEMONCOM* 877-263-9300 BC,144.64,Retail
12/20/2024,PAYMENT - THANK YOU / PAIEMENT - MERCI,-19,
12/20/2024,HM Square One Mississauga ON,31.62,Retail
12/20/2024,POTATO CORNER EDMONTON AB,6.64,Dining
12/20/2024,DOLLARAMA # 275 MISSISSAUGA ON,5.47,Retail
12/20/2024,TACO BELL SQUARE ONE MISSISSAUGA ON,26.63,Dining
12/20/2024,MICHAELS #4922 MISSISSAUGA ON,11.85,Retail
12/21/2024,AMZN Mktp CA*Z98X36X20 WWW.AMAZON.CAON,53.1,Retail
12/21/2024,AMZN Mktp CA*Z985I8LP1 WWW.AMAZON.CAON,18.07,Retail
12/21/2024,CACTUS CLUB SHERWAY GA TORONTO ON,53.5,Dining
12/22/2024,AMZN Mktp CA*Z923E2230 WWW.AMAZON.CAON,18.91,Retail
12/22/2024,PAYMENT - THANK YOU / PAIEMENT - MERCI,-19,
12/23/2024,SHOPPERS DRUG MART #09 MISSISSAUGA ON,2.1,Pharmaceutical
12/23/2024,ASHLEY'S NO FRILLS #36 MISSISSAUGA ON,3.79,Grocery
12/23/2024,MCDONALD'S #29186 Q04 MISSISSAUGA ON,12.38,Dining
12/24/2024,LOBLAWS #1003 MISSISSAUGA ON,34.21,Grocery
12/25/2024,PAYMENT - THANK YOU / PAIEMENT - MERCI,-19,
12/27/2024,POPEYES 11599 MISSISSAUGA ON,13.77,Dining
12/27/2024,STARBUCKS 800-782-7282 800-782-7282 ON,10,Dining
12/28/2024,LULULEMONCOM* 877-263-9300 BC,88.14,Retail
12/29/2024,ARITZIA.COM 855-274-8942 BC,67.57,Retail
12/29/2024,PB BRAMALEA CITY CENTR BRAMPTON ON,29.61,Retail
12/29/2024,STARBUCKS COFFEE #5384 BRAMPTON ON,3.8,Dining
12/30/2024,EVENTBRITE/KINGWESTNYE SAINT JOHN NB,67.7,Entertainment
12/31/2024,PAYMENT - THANK YOU / PAIEMENT - MERCI,-1285,
12/31/2024,EARLY MERCY TORONTO ON,13.8,Dining
1/6/2025,OLLY FRESCO'S TORONTO ON,11.99,Dining
1/6/2025,PRESTO FARE/5G365LZ5T9 TORONTO ON,16.08,Transportation
1/7/2025,STARBUCKS COFFEE #2368 TORONTO ON,8.9,Dining
1/7/2025,PRESTO FARE/5G3BD5ZDJ2 TORONTO ON,16.08,Transportation
1/8/2025,TIM HORTONS #5557 TORONTO ON,2.79,Dining
1/8/2025,PRESTO FARE/5G3G252W8H TORONTO ON,16.08,Transportation
2011-12-24,SANAA CAFE SAN FRANCISCOCA,5.93,Dining
2011-12-24,CLIPPER SYSTEMS MOBILE #1CONCORD CA,20,Transportation
2011-12-24,Amazon.com*K93XI9QT3 Amzn.com/billWA,27.88,Retail
2011-12-24,AMAZON MKTPL*HF4Y67MW3 Amzn.com/billWA,141.07,Retail
2011-12-24,AMZN Mktp US Amzn.com/billWA,-42.35,Retail
2011-12-24,AMZN Mktp US*KA1BM24A3 Amzn.com/billWA,42.35,Retail
2011-11-24,SQ *CRAMER'S BAGELS Santa Clara CA,5.84,Dining
2011-11-24,ZARA USA 6419 SANTA CLARA CA,21.77,Retail
2011-11-24,THE ORIGINAL FALAFELS DRISAN JOSE CA,7.72,Dining
2011-11-24,NORDSTROM #0425 SANTA CLARA CA,6.3,Retail
2011-11-24,TST*DELAH COFFEE - SF San FranciscoCA,7.33,Dining
2011-07-24,APPLE.COM/BILL 866-712-7753 CA,0.99,Subscription
2011-06-24,AMAZON MKTPL*CS85F0DG3 Amzn.com/billWA,15.2,Retail
2011-04-24,Ghirardelli Experience San FranciscoCA,14.84,Dining
2011-04-24,SOMA WINE & SPIRITS 2 SAN FRANCISCOCA,14.11,Grocery
2011-04-24,TST*THAI SPICE RESTAURAN San FranciscoCA,98.79,Dining
2011-04-24,MONROE SF SAN FRANCISCOCA,17.38,Dining
2011-04-24,MONROE SF SAN FRANCISCOCA,21.72,Dining
2011-04-24,TRADER JOE S #200 SAN FRANCISCOCA,34.6,Grocery
2011-04-24,AMAZON MKTPL*MK11C6N53 Amzn.com/billWA,6.96,Retail
2011-04-24,SPOTIFY 877-778-1161 NY,13.21,Subscription
2011-04-24,Amazon.com*0G15A1CR3 Amzn.com/billWA,14.24,Retail
2011-04-24,Amazon.com*5U1AX1YJ3 Amzn.com/billWA,15.96,Retail
2011-02-24,CHIPOTLE 2828 SAN FRANCISCOCA,14.81,Dining
2011-02-24,SQ *PHILZ COFFEE San FranciscoCA,6.84,Dining
10/30/2024,TRADER JOE S #225 SAN FRANCISCOCA,49.19,Grocery
10/30/2024,BA ELECTRONIC PAYMENT,-1570,
10/29/2024,ALASKA AIR 0272386663176SEATTLE WA,78.1,Travel
10/29/2024,ALASKA AIR 0272386677208SEATTLE WA,80,Travel
10/28/2024,MAYES OYSTER HOUSE SAN FRANCISCOCA,47.34,Dining
10/26/2024,MENDOCINOFARMS HTTPSORDER.MECA,17.2,Dining
10/24/2024,PP*GOOGLE GOOGLE ONE 402-935-7733 CA,1.99,Subscription
10/24/2024,AMAZON MKTPL*LA5055NA3 Amzn.com/billWA,18.46,Retail
10/22/2024,GOOGLE *Google One g.co/helppay#CA,2.19,Subscription
10/21/2024,SINOMBRE SAN FRANCISCOCA,60,Dining
10/19/2024,CHIPOTLE 2828 SAN FRANCISCOCA,14.81,Dining
10/19/2024,ZARA USA 3611 SAN FRANCISCOCA,8.68,Retail
10/18/2024,TARGET 00027664 SAN FRANCISCOCA,30.5,Grocery
10/18/2024,BROW SMART SAN FRANCISCOCA,10,Other
10/18/2024,ASIANA AIR 9882486434379PAYPAL COM,865.3,Travel
10/17/2024,ATT* BILL PAYMENT 800-331-0500 TX,85.74,Subscription
10/17/2024,CLIPPER SYSTEMS MOBILE #1CONCORD CA,20,Transportation
10/17/2024,Amazon Prime*PK2FD83E3 Amzn.com/billWA,16.52,Subscription
10/16/2024,REMARKABLE OSLO,2.99,Subscription
10/16/2024,WWW.F1.COM LONDON,10.99,Subscription
10/16/2024,BARREL HOUSE TAVERN SAUSALITO CA,50,Dining
10/16/2024,SQ *LAPPERTS ICE CREAM SASausalito CA,5.95,Dining
10/16/2024,SQ *PHILZ COFFEE San FranciscoCA,6.84,Dining
10/15/2024,SARTAJ INDIA CAFE SAUSALITO CA,100,Dining
10/15/2024,SQ *PHILZ COFFEE San FranciscoCA,6.84,Dining
10/14/2024,CHAAT CORNER INDIAN GROC SAN FRANCISCOCA,1.53,Grocery
10/14/2024,SOMA WINE & SPIRITS 2 SAN FRANCISCOCA,35.84,Grocery
10/14/2024,TACO BELL #031685 SAN FRANCISCOCA,9.86,Dining
10/12/2024,AMAZON RETA* W04232ZD3 WWW.AMAZON.COWA,6.96,Retail
10/12/2024,AMAZON MKTPL*V39OG3R93 Amzn.com/billWA,26.65,Retail
10/11/2024,SQ *PHILZ COFFEE San FranciscoCA,6.84,Dining
10/10/2024,BA ELECTRONIC PAYMENT,-1765,
10/10/2024,VIVID SEATS *ZEDD 866-848-8499 IL,86.74,Entertainment
10/09/2024,STARBUCKS 800-782-7282 800-782-7282 WA,15,Dining
10/09/2024,WHOLEFDS SOM 10151 SAN FRANCISCOCA,28.32,Grocery
10/09/2024,AMAZON MKTPL*V873X8G53 Amzn.com/billWA,25.27,Retail
10/08/2024,SAVE MY EXAMS LONDON,36,Subscription
10/08/2024,CONCENTRA SAN FRANCISCOCA,25,Other
10/08/2024,CHIPOTLE 2828 SAN FRANCISCOCA,14.56,Dining
10/07/2024,APPLE.COM/BILL 866-712-7753 CA,0.99,Subscription
10/07/2024,TST* SUPER DUPER BURGERS SAN FRANCISCOCA,9.01,Dining
10/05/2024,WHOLEFDS SOM 10151 SAN FRANCISCOCA,23.66,Grocery
10/04/2024,BA ELECTRONIC PAYMENT,-25,
10/04/2024,PAZZIA INC. SAN FRANCISCOCA,150,Dining
10/04/2024,WL *VUE*Testing Exam 953-6813000 MN,100,Other
10/03/2024,SPOTIFY 877-778-1161 NY,13.21,Subscription
10/03/2024,STARBUCKS 800-782-7282 800-782-7282 WA,15,Dining
10/02/2024,AMAZON RETA* 2J5TD0SA3 WWW.AMAZON.COWA,29.24,Retail
10/02/2024,AMAZON RETA* HE1VN8BS3 WWW.AMAZON.COWA,30.69,Retail
10/01/2024,SQ *PHILZ COFFEE San FranciscoCA,6.84,Dining
10/01/2024,HABIT SANTA CLARA #84 SANTA CLARA CA,13.84,Dining
09/30/2024,Wash Laundry CA3700910 San FranciscoCA,45,Other
09/30/2024,CINEMARK 440 RSTBAR Milpitas CA,12.4,Entertainment
09/30/2024,CINEMARK 440 ONLINE Milpitas CA,22.89,Entertainment
09/30/2024,PIZZA MY HEART SANTA CLARA CA,28.44,Dining
09/30/2024,TST* SUNRIGHT TEA STUDIO SAN JOSE CA,6.8,Dining
09/30/2024,TACO BELL 024783 SANTA CLARA CA,17.96,Dining
09/30/2024,FOREIGN TRANSACTION FEE,0.74,Other
09/30/2024,QUSTODIO BARCELONA,24.77,Subscription
09/28/2024,SQ *THE GREYHOUND BAR San FranciscoCA,6.52,Dining
09/28/2024,UNIV OF SAN FRANCISCO 415-4227663 CA,5,Other
09/27/2024,UNIV OF SAN FRANCISCO 415-4227663 CA,5,Other
09/26/2024,CANTEEN VENDING SAN LEANDRO CA,1.75,Dining
09/26/2024,THE UPS STORE 4592 510-5666726 CA,41.77,Retail
09/25/2024,Subway 27662 San FranciscoCA,7.19,Dining
09/24/2024,AMAZON MKTPL*4E4DZ0EY3 Amzn.com/billWA,141.72,Retail
09/24/2024,PP*GOOGLE GOOGLE ONE 402-935-7733 CA,1.99,Subscription
09/23/2024,VIVID SEATS *JOHN SUMM 866-848-8499 IL,91.41,Entertainment
09/23/2024,PROPAGATION SAN FRANCISCOCA,120,Dining
09/23/2024,GOOGLE *Google One 855-836-3987 CA,2.19,Subscription
09/20/2024,SQ *PHILZ COFFEE San FranciscoCA,5.96,Dining
09/18/2024,VFS Services USA Inc. 101-23456789 DC,82.7,Other
09/18/2024,SAFEWAY #2606 SAN FRANCISCOCA,46.33,Grocery
09/17/2024,ATT* BILL PAYMENT 800-331-0500 TX,85.54,Subscription
09/17/2024,TST*VICTORY HALL & PARLO 415-777-2777 CA,24.16,Dining
09/17/2024,TST*DELAH COFFEE - SF San FranciscoCA,7.33,Dining
09/16/2024,REMARKABLE OSLO,2.99,Subscription
09/16/2024,WWW.F1.COM LONDON,10.99,Subscription
09/16/2024,SAFEWAY #2606 SAN FRANCISCOCA,10,Grocery
05/14/2024,INTEREST CHARGED ON PURCHASES,40.73,Other
05/13/2024,SQ *AFTERS ICE CREAM Orange CA,11.9,Dining
05/13/2024,CENTURY THEATRES 420 ORANGE CA,8.9,Entertainment
05/11/2024,AMZN Mktp US*Q29I02QN3 Amzn.com/billWA,15.07,Retail
05/11/2024,TST* PAULS COCKTAILS Orange CA,14,Dining
05/11/2024,TST* DORY DELI Newport BeachCA,29.75,Dining
05/11/2024,BOARDWALK SPORTS NEWPORT BEACHCA,32.33,Retail
05/09/2024,AMZN Mktp US*6C0D01NA3 Amzn.com/billWA,10.76,Retail
05/08/2024,AMZN Mktp US*F246N4HT3 Amzn.com/billWA,10.75,Retail
05/08/2024,BUFFALO WILD WNGS 0588 ORANGE CA,35.75,Dining
05/08/2024,APPLE.COM/BILL 866-712-7753 CA,0.99,Subscription
05/07/2024,CRICBUZZ.COM HTTPSWWW.CRICCA,9.99,Subscription
05/07/2024,TST* STAG BAR Newport BeachCA,7.55,Dining
05/06/2024,BA ELECTRONIC PAYMENT,-35,
05/06/2024,FOREIGN TRANSACTION FEE,10.93,Other
05/06/2024,EMIRATES HYDERABAD,364.4,Travel
05/06/2024,FOREIGN TRANSACTION FEE,0.51,Other
05/06/2024,HWH DX21 FLOUR STONE DUBAI,17.16,Dining
05/04/2024,UNIV OF SAN FRANCISCO 415-422-6521 CA,2000,Other
05/04/2024,SPOTIFY 877-778-1161 NY,12.11,Subscription
04/22/2024,JHU KSAS OSIP SLATE CMCCAUSLIN@JHMD,85,Other
04/22/2024,GOOGLE *Google Storage 855-836-3987 CA,2.19,Subscription
04/17/2024,ATT* BILL PAYMENT 800-331-0500 TX,85.67,Subscription
04/16/2024,REMARKABLE OSLO,2.99,Subscription
04/16/2024,UCI MARKETPLACE 9027 949-824-9616 CA,135,Other
04/16/2024,Amazon Prime*P126G7J13 Amzn.com/billWA,8.25,Subscription
04/16/2024,HRB ONLINE TAX PRODUCT 800-472-5625 MO,34,Subscription
04/15/2024,COLLEGEBOARD*SAT ONLN. 212-7137789 NY,121.54,Other
09/11/2024,WHOLEFDS SOM 10151 SAN FRANCISCO CA,19.53,Grocery
09/11/2024,AMAZON MARK* LM0RP5KZ3 HTTPSAMAZON.C WA ,8.85,Retail
09/15/2024,CHIPOTLE 2828 SAN FRANCISCO CA,17.14,Dining
09/15/2024,Amazon Prime*3F0CQ0O53 Amzn.com/bill WA ,10.19,Subscription
09/17/2024,AMAZON RETA* MR0SI0C73 WWW.AMAZON.CO WA ,37.2,Retail
09/17/2024,TST*VICTORY HALL & PARLO 415-777-2777 CA ,30.03,Dining
09/18/2024,SAFEWAY #2606 SAN FRANCISCO CA,73.92,Grocery
09/18/2024,TACO BELL #031685 SAN FRANCISCO CA ,15.93,Dining
09/20/2024,CHIPOTLE 2828 SAN FRANCISCO CA,17.54,Dining
09/22/2024,AMAZON MKTPL*419VV7XD3 Amzn.com/bill WA ,20.75,Retail
09/23/2024,TACO BELL #031685 SAN FRANCISCO CA,4.12,Dining
09/23/2024,TACO BELL #031685 SAN FRANCISCO CA,18.54,Dining
09/23/2024,AMAZON MKTPL*5T8K55JX3 Amzn.com/bill WA ,10.62,Retail
09/25/2024,Subway 27662 San Francisco CA,13.46,Dining
09/27/2024,DD *DOORDASH WINGSTOP WWW.DOORDASH. CA ,22.74,Dining
09/29/2024,TACO BELL #031685 SAN FRANCISCO CA ,16.13,Dining
09/30/2024,SAFEWAY #2606 SAN FRANCISCO CA,54.67,Grocery
10/03/2024,WHOLEFDS SOM 10151 SAN FRANCISCO CA ,12.75,Grocery
10/06/2024,AMAZON MKTPL*E04TZ6W53 Amzn.com/bill WA ,35.33,Retail
10/06/2024,TST*THE GROVE - YERBA BU San Francisco CA ,48.45,Dining
10/07/2024,CHIPOTLE 2828 SAN FRANCISCO CA,17.81,Dining
10/08/2024,STARBUCKS 800-782-7282 800-782-7282 WA ,34.11,Dining